{
	"partitions" : [
		{
			"name" : "Top",
			"pins" : [
				{
					"name" : "Out[0]",
					"strict" : false
				},
				{
					"name" : "Out[1]",
					"strict" : false
				},
				{
					"name" : "Out[2]",
					"strict" : false
				},
				{
					"name" : "Out[3]",
					"strict" : false
				},
				{
					"name" : "Out[4]",
					"strict" : false
				},
				{
					"name" : "Out[5]",
					"strict" : false
				},
				{
					"name" : "Out[6]",
					"strict" : false
				},
				{
					"name" : "Out[7]",
					"strict" : false
				},
				{
					"name" : "Out[8]",
					"strict" : false
				},
				{
					"name" : "Out[9]",
					"strict" : false
				},
				{
					"name" : "Out[10]",
					"strict" : false
				},
				{
					"name" : "Out[11]",
					"strict" : false
				},
				{
					"name" : "Out[12]",
					"strict" : false
				},
				{
					"name" : "Out[13]",
					"strict" : false
				},
				{
					"name" : "Out[14]",
					"strict" : false
				},
				{
					"name" : "Out[15]",
					"strict" : false
				},
				{
					"name" : "Clock",
					"strict" : false
				},
				{
					"name" : "Select[9]",
					"strict" : false
				},
				{
					"name" : "Select[10]",
					"strict" : false
				},
				{
					"name" : "Select[7]",
					"strict" : false
				},
				{
					"name" : "Select[8]",
					"strict" : false
				},
				{
					"name" : "Select[5]",
					"strict" : false
				},
				{
					"name" : "Select[6]",
					"strict" : false
				},
				{
					"name" : "Select[11]",
					"strict" : false
				},
				{
					"name" : "Select[3]",
					"strict" : false
				},
				{
					"name" : "Select[4]",
					"strict" : false
				},
				{
					"name" : "Select[2]",
					"strict" : false
				},
				{
					"name" : "Select[0]",
					"strict" : false
				},
				{
					"name" : "Select[1]",
					"strict" : false
				},
				{
					"name" : "nStart",
					"strict" : false
				}
			]
		}
	]
}